{
  "john doe##123456789##0541234567": {
    "educated##tara westover": 1725835200.9231207
  },
  "jane smith##987654321##0549876543": {
    "the great gatsby##f. scott fitzgerald": 1726094400.379404
  },
  "bob johnson##789123456##0541112222": {
    "war and peace##leo tolstoy": 1727049600.2125297,
    "the picture of dorian gray##oscar wilde": 1727308800.9876542
  },
  "david lee##112233445##0543334444": {
    "the road##cormac mccarthy": 1727481600.2345679,
    "the handmaid's tale##margaret atwood": 1727740800.3456788
  },
  "emily white##998877665##0545556667": {
    "the bell jar##sylvia plath": 1725748800.456789,
    "the fault in our stars##john green": 1726440000.5678902
  },
  "frank black##667788990##0547778889": {
    "the alchemist##paulo coelho": 1727308800.6789012,
    "the great alone##kristin hannah": 1726094400.7890122,
    "becoming##michelle obama": 1726353600.8901234,
    "to kill a mockingbird##harper lee": 1728680614.2918983
  },
  "tamir boosi##123456789##0542273665": {
    "the road to character##david brooks": 1728764794.2831712,
    "where the crawdads sing##delia owens": 1728770283.4360273,
    "to kill a mockingbird##harper lee": 1728921478.8764296
  }
}